song_name,tempo,time_signature,instruments,key_signature,label
(Eltana Qalabar) Alestorm - Nancy the Tavern Wench,45.000011250002814,6/8,Guitar;Guitar;Guitar;Guitar;Guitar;Guitar;Guitar;Guitar;Guitar;Guitar;Guitar;Guitar;Guitar,Eb,Tavern
(Nakhuto Saghii) World of Warcraft - Forsaken Tavern_ Tarren Mill,90.00009000009,4/4,Violin;Violin,Unknown,Tavern
(Nakhuto Saghii) World Of Warcraft - Pirate Tavern_ Salty Sailor,100.0,4/4,Violin;Violin,Unknown,Tavern
-library-shop-,136.0001450668214,4/4,Bass;Flute;Violin;Flute;Flute;Reeds;Other;Organ;Flute;Violin;Flute;Flute,C,Tavern
91027,140.00014000014,4/4,Piano,Eb,Tavern
Animal Crossing - K.K. Jongara,Unknown,4/4,Flute,G,Tavern
Banjo_Tooie_intro,140.00014000014,4/4,Other;Other;Flute;Trumpet;Trumpet;Trumpet;Reeds;Bells;Violin;Piano,C,Tavern
BKMonster,109.99990833340972,4/4,Violin;Bass;Organ;Bells;Piano;Other;Voice;Violin;Violin;Other;Bells;Violin,C,Tavern
Blizzard - Light Club Hotline Miami 2. Wrong Number,140.00014000014,4/4,Bass;Piano;Other;Other;Violin;Bass,Unknown,Tavern
Cowboy Bebop - Cat Blues,144.00023040036865,4/4,Flute,C,Tavern
Cowboy Bebop - Goodnight Julia,120.0,4/4,Reeds;Piano,Bb,Tavern
Final Fantasy Adventure - Royal Palace Theme,73.94489872629912,4/4,Piano;Piano,A,Tavern
forest-2-,142.0017513549334,4/4,Flute;Piano;Piano;Bass;Piano;Piano;Voice;Voice;Voice;Piano;Voice,Unknown,Tavern
Fullmetal Alchemist - Motherland,35.00001458333941,4/4,Reeds;Voice;Bells;Piano;Other;Voice;Violin;Unknown;Piano;Voice,Ab,Tavern
Game_System__Nintendo_Wizardry_Gilgamesh_TavernSequenced_by__Conversion,60.0,Unknown,Bells;Reeds;Violin;Piano;Piano;Piano;Piano;Piano;Piano;Piano;Piano;Piano;Piano;Piano,Unknown,Tavern
HM64_-_Bar,195.000195000195,4/4,Violin;Reeds;Violin;Reeds;Piano;Piano;Flute;Flute;Flute;Bass;Guitar;Violin;Violin,C,Tavern
hotel-rhumba-i-want-to-go-home-remix-,120.0,4/4,Trumpet;Guitar;Bass;Bells;Guitar;Piano;Voice;Piano,C,Tavern
hotel,140.00014000014,4/4,Organ;Bass;Organ;Other,C,Tavern
kamiki_festival,100.0,Unknown,Other;Piano;Flute;Flute;Voice;Voice;Other;Voice;Unknown;Bells,Unknown,Tavern
La_Chicane_Ma_Taverne,208.00038826739143,4/4,Piano;Piano;Bass;Bass;Piano;Piano;Guitar;Guitar;Guitar;Guitar;Piano;Piano;Guitar;Guitar,C,Tavern
LBA2T,115.00002875000719,Unknown,Piano;Piano;Piano;Piano;Piano;Piano,Unknown,Tavern
luckyleebar,100.0,4/4,Unknown;Other;Bells;Bells,Eb,Tavern
lucy,96.0,4/4,Piano;Piano,Unknown,Tavern
machinex,140.99997180000565,4/4,Other;Unknown;Piano;Bells;Guitar;Bells;Piano;Piano;Other;Voice;Violin;Voice;Trumpet;Trumpet;Guitar;Guitar;Bass;Piano,Unknown,Tavern
Mario Party - Mushroom Shop,107.98747345307945,4/4,Piano,C,Tavern
Mario Party 2 - Start of the Adventure,119.99928000431997,4/4,Piano,D,Tavern
mistress,115.00002875000719,3/4,Flute;Flute;Flute;Flute;Piano;Piano;Piano;Piano;Piano;Piano,F,Tavern
okaeri,115.00002875000719,4/4,Unknown;Flute;Trumpet;Guitar;Bells;Other;Other;Bass;Piano,Unknown,Tavern
One Piece - Memories,142.0000710000355,4/4,Piano;Piano;Piano,C,Tavern
P5_Rivers_in_the_Desert_by_fakt13,130.00013000013,4/4,Other;Guitar;Guitar;Other;Other;Piano;Violin;Violin;Voice;Voice;Voice;Unknown;Piano;Piano;Piano,Unknown,Tavern
peri_op,120.00768049155145,4/4,Piano;Flute;Trumpet;Organ;Other;Organ;Other;Other;Organ;Other;Voice;Other;Flute,C,Tavern
Pokemon GoldSilverCrystal - Violet CityOlivine City,116.95245298024088,4/4,Piano,B,Tavern
ravens,75.99996960001216,4/4,Flute;Flute;Flute;Flute;Flute;Flute;Flute;Flute;Flute,C,Tavern
saltp13,120.0,2/4,Guitar;Guitar;Guitar;Guitar,C,Tavern
scottune,204.9999487500128,4/4,Guitar;Guitar,D,Tavern
shenmue_beautiful_china_country_shop,100.0,4/4,Bells;Bells;Bells,Eb,Tavern
Super Mario RPG - Marrymore,200.0,3/4,Piano,Ab,Tavern
The Legend of Zelda Majoras Mask - Milk Bar,143.9639514265628,4/4,Piano,Gm,Tavern
The Legend of Zelda Oracle of Ages  Oracle of Seasons - Dins Dance,124.9802114665178,4/4,Piano,C,Tavern
The Legend of Zelda Oracle of Ages  Oracle of Seasons - Skull Pirates,164.9997112505053,4/4,Piano,Am,Tavern
The Legend of Zelda Phantom Hourglass - Inside a Gorons House,99.96051559633945,4/4,Piano,F,Tavern
The_Inn,59.00000885000133,4/4,Other;Flute;Flute,Unknown,Tavern
Title_Screen,224.99971875035158,4/4,Unknown;Bells;Voice;Trumpet;Other;Trumpet;Trumpet;Reeds;Bass;Bells;Reeds;Guitar;Guitar;Trumpet;Guitar;Unknown;Bells;Trumpet,C,Tavern
trotto,150.0,6/8,Guitar;Guitar,G,Tavern
twinsanity-theme,115.00002875000719,4/4,Trumpet;Voice;Other;Other;Guitar;Unknown;Bass;Trumpet;Voice;Trumpet;Voice;Trumpet;Other;Other,Unknown,Tavern
Undertale_-_Sans,128.0,4/4,Unknown;Unknown;Unknown;Unknown;Reeds;Trumpet;Bass;Unknown;Piano,C,Tavern
Utena - Nemuro Memorial Hall,139.97988955586715,4/4,Piano,Am,Tavern
(Meriadoc Took) Tavern Beat,83.0000650167176,4/4,Piano,G,Boss
01rock,154.99990958338608,4/4,Piano;Bass;Guitar;Trumpet;Trumpet;Trumpet;Unknown;Guitar;Unknown,Unknown,Boss
a,120.0,4/4,Guitar;Reeds;Other;Voice;Bass;Guitar;Trumpet;Other;Flute;Reeds;Guitar;Trumpet;Bass;Other;Flute;Reeds;Guitar;Bass;Trumpet;Bass,Unknown,Boss
all-star-games-1-12,200.0,4/4,Unknown;Guitar;Organ;Trumpet;Bass;Organ;Bells;Trumpet;Other;Voice;Other;Flute,C,Boss
Assault,176.00004693334586,3/4,Piano;Voice;Voice;Voice;Trumpet;Voice;Voice;Voice;Piano;Piano;Unknown;Voice;Voice;Unknown;Trumpet;Piano,C,Boss
Attack on Titan - Jiyuu no Tsubasa,157.00024858372691,4/4,Piano,C,Boss
Axelrepeat2,180.00018000018,4/4,Trumpet;Trumpet;Trumpet;Trumpet;Bells;Piano;Piano;Organ;Voice;Voice;Voice;Unknown;Unknown;Unknown;Violin;Violin;Violin;Voice;Voice,Gm,Boss
battle-with-mother-brain-arranged-,80.0,Unknown,Other;Other,C,Boss
battle-with-mother-brain,145.00003625000906,4/4,Violin;Bass;Violin;Violin,C,Boss
battle-with-shadow-queen-true-form,140.00014000014,4/4,Organ;Organ;Violin;Violin;Voice;Voice;Voice;Voice;Voice;Voice;Organ;Guitar;Other;Organ;Organ;Guitar;Other;Organ;Trumpet;Trumpet;Guitar;Guitar;Voice;Voice;Other;Other;Bass;Bass;Trumpet;Trumpet;Other;Trumpet;Trumpet;Trumpet;Other;Trumpet;Other;Other;Flute;Voice;Flute;Voice;Organ;Violin;Organ;Violin;Organ;Organ;Other;Other;Unknown;Unknown,Unknown,Boss
beyond-the-time,108.000108000108,4/4,Bells;Unknown;Unknown;Guitar;Voice;Reeds;Guitar;Bells;Guitar;Guitar;Piano;Piano;Voice;Piano;Voice;Piano;Voice;Other;Voice;Piano;Voice;Voice;Voice;Guitar;Guitar;Guitar;Piano;Other;Bells;Other;Bells;Other;Organ;Other;Organ;Other;Organ;Flute;Other;Other,Unknown,Boss
blood-relations,142.0000710000355,4/4,Unknown;Bass;Flute;Voice;Other;Other;Voice;Violin;Voice;Piano;Other;Other;Trumpet;Other;Unknown,Unknown,Boss
blue-traveler,130.00013000013,4/4,Trumpet;Bells;Trumpet;Voice;Piano;Voice;Bass;Violin;Bass;Violin;Bass;Unknown;Piano;Voice;Violin;Flute;Violin;Flute;Trumpet,Unknown,Boss
boss-battle (1),100.0,4/4,Trumpet;Flute;Voice;Guitar;Piano;Bass;Other;Other;Voice;Other;Voice,Unknown,Boss
boss-battle,159.0002067002687,4/4,Piano;Bass;Piano;Bass;Piano;Other;Piano;Reeds;Reeds;Piano;Organ;Piano;Voice;Piano;Voice;Piano;Voice;Voice;Piano;Piano,D,Boss
boss,154.000154000154,4/4,Bass;Trumpet;Trumpet;Guitar;Piano;Piano;Piano;Piano;Piano;Piano;Piano;Piano;Piano;Piano;Piano;Piano;Piano;Piano;Piano,C,Boss
Bottles_Puzzle,183.0004758012371,4/4,Bells;Bells;Other;Piano;Piano,Unknown,Boss
Cave Story Doukutsu Monogatari - Last Battle,179.99964000072,4/4,Piano;Piano,Cm,Boss
Cave Story Doukutsu Monogatari - Last Cave,129.96014555536303,4/4,Piano,Em,Boss
crystal-king-battle-freeze-,140.00014000014,4/4,Bass;Bass;Other;Other;Other;Other;Other;Other;Flute;Flute;Bells;Bells;Other;Other;Piano,Unknown,Boss
CV64FinalCerberus,150.0,Unknown,Voice;Other;Unknown;Other;Piano,C,Boss
CVLoD-_WatchTower2,76.00006586672374,4/4,Other;Other;Violin;Violin;Voice;Other;Other;Other;Other;Violin;Violin;Other;Other;Organ;Organ;Other;Other;Organ;Organ;Voice;Voice;Voice;Other;Voice;Voice;Voice;Voice;Other;Voice;Piano;Organ;Piano;Organ;Other;Other;Organ;Organ;Other;Other;Piano;Organ;Piano;Organ;Other;Other;Organ;Organ;Voice;Voice;Other;Unknown;Other;Voice;Voice;Voice;Other;Other;Voice;Voice;Voice;Voice;Voice;Other;Unknown;Other;Voice;Voice;Voice;Other;Other;Voice;Voice;Voice;Voice;Voice;Other;Unknown;Other;Voice;Voice;Voice;Other;Other;Voice;Voice;Voice;Voice;Voice;Other;Unknown;Other;Voice;Voice;Voice;Other;Other;Voice;Voice;Voice;Voice;Voice;Voice;Other;Voice;Voice;Voice;Voice;Other;Voice;Piano;Organ;Piano;Organ;Other;Other;Organ;Organ;Other;Other;Piano;Organ;Piano;Organ;Other;Other;Organ;Organ;Voice;Voice;Other;Unknown;Other;Voice;Voice;Voice;Other;Other;Voice;Voice;Voice;Voice;Voice;Other;Unknown;Other;Voice;Voice;Voice;Other;Other;Voice;Voice;Voice;Voice;Voice;Other;Unknown;Other;Voice;Voice;Voice;Other;Other;Voice;Voice;Voice;Voice;Voice;Other;Unknown;Other;Voice;Voice;Voice;Other;Other;Voice;Voice;Voice;Voice;Voice;Voice;Other;Voice;Voice;Voice;Voice;Other;Voice;Piano;Organ;Piano;Organ;Other;Other;Organ;Organ;Other;Other;Piano;Organ;Piano;Organ;Other;Other;Organ;Organ;Voice;Voice;Other;Unknown;Other;Voice;Voice;Voice;Other;Other;Voice;Voice;Voice;Voice;Voice;Other;Unknown;Other;Voice;Voice;Voice;Other;Other;Voice;Voice;Voice;Voice;Voice;Other;Unknown;Other;Voice;Voice;Voice;Other;Other;Voice;Voice;Voice;Voice;Voice;Other;Unknown;Other;Voice;Voice;Voice;Other;Other;Voice;Voice;Voice,Unknown,Boss
cvs_06_draculas_castle2,137.99987580011177,4/4,Trumpet;Bass;Voice;Voice;Reeds;Trumpet;Bells;Bells;Guitar;Guitar;Guitar;Guitar;Guitar;Guitar;Guitar;Guitar;Guitar;Other;Trumpet;Organ;Guitar;Flute;Other,C,Boss
devil_gs,124.40286624203821,4/4,Guitar;Flute;Trumpet;Reeds;Trumpet;Trumpet;Trumpet;Trumpet;Unknown;Bells;Voice;Voice;Bass;Voice,C,Boss
Diddy Kong Racing - Haunted Woods,127.96805917243056,4/4,Piano,Bb,Boss
Donkey Kong Land - Boss Battle,129.96014555536303,4/4,Piano,F,Boss
doopliss-battle-remix-,145.00003625000906,Unknown,Guitar;Guitar;Guitar;Unknown;Bells;Bells;Bells;Organ;Guitar;Other;Voice;Unknown;Other;Voice;Organ,Unknown,Boss
Dragon Ball - Mysterious Adventure,145.01160092807424,4/4,Piano;Piano;Bass;Piano;Voice;Piano;Bass;Unknown;Violin;Guitar;Bells;Bells;Bells;Bells;Piano;Voice;Piano;Trumpet;Trumpet;Trumpet;Piano;Guitar;Piano;Bass;Piano;Guitar;Unknown;Violin;Organ;Bells;Unknown;Bells;Violin;Piano;Bass;Piano;Bells;Bells;Bells,C,Boss
Dragon Quest V Hand of the Heavenly Bride - The Almighty Boss Devil Is Challenged,53.964259470952385,4/4,Piano;Piano;Piano;Piano,Eb,Boss
DS2morrigan,134.00005806669182,4/4,Piano;Piano;Piano;Other;Voice;Voice;Piano;Piano;Piano;Guitar;Other,Unknown,Boss
dx-wall,117.99990166674861,3/4,Violin;Voice;Voice;Reeds;Voice;Violin;Trumpet;Voice,C,Boss
EarthBound - The Battle of Final Destiny,130.00013000013,4/4,Piano,Am,Boss
End_of_the_World_Battle,82.00003553334874,4/4,Voice;Voice;Voice;Voice;Voice;Voice;Violin;Violin;Unknown;Unknown;Trumpet;Trumpet;Flute;Flute;Unknown;Unknown;Flute;Flute;Reeds;Reeds;Other;Other,C,Boss
Final Fantasy IV - Boss Battle,169.97985738689965,4/4,Piano,Cm,Boss
Final Fantasy IX - Boss Battle,159.96075629445576,4/4,Piano,Db,Boss
Final Fantasy VI - The Decisive Battle Boss Battle,119.99928000431997,4/4,Piano,Am,Boss
giygas-battle,Unknown,4/4,Guitar;Guitar;Guitar;Guitar;Bass,Unknown,Boss
Goldeneye64_DisusedMilitaryDepot,135.000135000135,4/4,Bells;Voice;Trumpet;Unknown;Voice;Piano,Unknown,Boss
halo_theme_v2,120.0,4/4,Voice;Voice;Voice;Voice;Violin;Violin;Voice;Voice;Unknown;Unknown;Voice;Voice,D,Boss
HammerFall - Legacy Of Kings,138.00019320027047,4/4,Guitar;Guitar;Guitar;Guitar;Bass;Bass;Piano,Unknown,Boss
Haunted Castle - Cross Your Heart,120.0,4/4,Piano,C,Boss
hoshi,135.00378010584296,4/4,Organ;Voice;Guitar;Voice;Guitar;Voice;Guitar;Voice;Guitar;Voice;Guitar;Voice;Voice;Violin;Bass;Piano;Voice;Guitar;Piano;Voice;Guitar;Piano;Voice;Guitar;Piano;Voice;Guitar;Piano;Piano;Unknown;Trumpet;Piano;Piano;Unknown;Trumpet;Unknown;Piano;Unknown;Trumpet;Trumpet;Piano;Unknown;Trumpet;Trumpet;Other;Piano;Unknown;Other;Piano;Unknown;Unknown;Unknown;Other;Unknown;Trumpet;Trumpet;Trumpet;Trumpet;Trumpet;Trumpet;Voice;Trumpet;Voice;Trumpet;Voice;Trumpet;Voice;Trumpet;Other;Voice;Other;Voice;Other;Voice;Voice;Voice;Voice;Other;Voice;Voice;Voice;Voice;Voice;Voice;Voice;Voice;Voice;Voice,Dm,Boss
into-the-dungeon,Unknown,3/4,Flute;Reeds;Unknown;Trumpet;Trumpet;Trumpet;Trumpet;Trumpet;Violin;Violin;Violin;Violin;Violin;Bass;Unknown,Eb,Boss
In_the_arms_of_death,120.0,Unknown,Piano;Guitar;Guitar;Guitar;Voice;Guitar;Other;Voice;Other;Voice;Other;Other;Voice;Guitar,C,Boss
it_can_waver_and_fight,150.0,4/4,Unknown;Voice;Bass;Bells;Organ;Bells;Piano;Piano;Piano;Piano;Piano;Piano;Piano;Piano;Piano;Piano,C,Boss
Kakegurui Opening - Deal With The Devil_fix.mid,142.0000710000355,4/4,Piano;Piano,Unknown,Boss
Kingdom Hearts - Night of Fate,170.0000850000425,5/4,Piano,B,Boss
Kirby 64 The Crystal Shards - Boss,160.0,4/4,Piano,Gm,Boss
kratos,120.0,Unknown,Flute;Flute;Voice;Voice;Voice;Voice;Guitar;Guitar;Bass;Bass;Piano,Unknown,Boss
LyricWulf - Through the Fire and Flames,200.0,4/4,Piano;Piano;Piano;Piano;Piano;Piano;Piano;Piano,Unknown,Boss
MGS3--Main_Theme,156.000156000156,Unknown,Trumpet;Trumpet;Trumpet;Trumpet;Trumpet;Trumpet;Voice;Voice;Voice;Voice;Voice;Voice;Voice;Voice;Voice;Voice;Voice;Voice;Trumpet;Trumpet;Trumpet;Trumpet;Trumpet;Trumpet;Trumpet;Trumpet;Trumpet;Trumpet;Trumpet;Trumpet;Voice;Voice;Voice;Voice;Voice;Voice;Bass;Bass;Bass;Bass;Bass;Bass,Unknown,Boss
MP_MainMenu,175.00007291669704,Unknown,Voice;Voice;Other;Unknown;Voice;Flute;Voice;Other;Organ;Piano;Other;Organ;Unknown,Unknown,Boss
One Piece - Run! Run! Run!,200.0,4/4,Piano;Piano,Unknown,Boss
pair_gm,93.00595238095238,4/4,Bass;Trumpet;Trumpet;Guitar;Trumpet;Trumpet;Guitar;Trumpet;Trumpet;Unknown;Flute;Trumpet;Voice;Flute;Trumpet;Guitar;Other;Other;Voice;Unknown;Other;Piano;Trumpet;Violin;Trumpet,Bbm,Boss
Perturbator - Miami Disco (Hotline Miami OST),120.0,4/4,Piano;Bass;Voice;Other;Bass;Bells,Unknown,Boss
PKMN_ST_Mewtwo_Battle,160.0,4/4,Voice;Unknown;Trumpet;Flute;Trumpet;Organ;Bass;Voice;Bass;Guitar;Violin;Reeds,Unknown,Boss
PMTTYD-chap3boss,Unknown,4/4,Guitar;Piano;Organ;Other;Trumpet;Organ;Organ;Guitar;Unknown;Flute,Unknown,Boss
PS2__Shadow_of_the_Colossus__Grotesque_Figures,127.00025400050801,4/4,Flute;Unknown;Trumpet;Trumpet;Unknown;Piano;Voice;Voice;Trumpet;Voice;Other;Voice,C,Boss
sephiroth-deluxe-remix-,75.0,4/4,Piano;Bells;Piano;Piano;Voice;Voice;Piano;Voice;Piano;Voice;Piano;Violin;Piano;Other;Piano;Other;Other,C,Boss
sm64Boss,172.00010320006191,4/4,Trumpet;Trumpet;Organ;Voice;Voice;Voice;Voice;Voice;Voice;Voice;Voice,Em,Boss
Super Mario Sunshine - Boss Battle,190.0002850004275,4/4,Piano;Piano;Piano,Unknown,Boss
Super Smash Bros Brawl - Bramble Blast,159.96075629445576,4/4,Piano;Piano;Piano;Piano;Piano;Piano;Piano;Piano;Piano;Piano;Piano;Piano;Piano;Piano;Piano;Piano;Piano;Piano;Piano;Piano;Piano;Piano;Piano;Piano;Piano;Piano;Piano;Piano;Piano;Piano;Piano;Piano;Piano;Piano;Piano;Piano;Piano;Piano;Piano;Piano;Piano;Piano;Piano;Piano;Piano;Piano;Piano;Piano;Piano;Piano;Piano;Piano;Piano;Piano;Piano;Piano;Piano;Piano;Piano;Piano;Piano;Piano;Piano;Piano;Piano;Piano;Piano;Piano;Piano;Piano;Piano;Piano;Piano;Piano;Piano;Piano;Piano;Piano;Piano;Piano;Piano;Piano;Piano;Piano;Piano;Piano;Piano;Piano;Piano;Piano;Piano;Piano;Piano;Piano;Piano;Piano;Piano;Piano;Piano;Piano;Piano;Piano;Piano;Piano;Piano;Piano;Piano;Piano;Piano;Piano;Piano;Piano;Piano;Piano;Piano;Piano;Piano;Piano;Piano;Piano;Piano;Piano;Piano;Piano;Piano;Piano;Piano;Piano,Bm,Boss
The Legend of Zelda A Link Between Worlds - Thieves Hideout,89.99968500110249,4/4,Piano;Piano,Cm,Boss
The Legend of Zelda A Link to the Past - Boss Battle,191.95208875864583,4/4,Piano,C,Boss
The Legend of Zelda A Link to the Past - Dark World Dungeon,139.97988955586715,4/4,Piano;Piano,C,Boss
The Legend of Zelda Majoras Mask - Alien Invasion,119.99928000431997,4/4,Piano,C,Boss
The Legend of Zelda Majoras Mask - Boss Battle,159.96075629445576,7/4,Piano,C,Boss
The Legend of Zelda Ocarina of Time - Boss Battle,89.99968500110249,3/4,Piano,C,Boss
The Legend of Zelda Oracle of Ages  Oracle of Seasons - Boss,147.0000955500621,4/4,Piano,Em,Boss
The Witcher 3 - Hunt or Be Hunted,104.00019413369571,6/8,Piano,Dm,Boss
tubba-blubba-battle,120.0,4/4,Organ;Reeds;Voice;Trumpet;Piano,C,Boss
turmoil,65.000065000065,9/8,Trumpet;Trumpet;Voice;Trumpet;Trumpet;Trumpet;Flute;Voice;Voice;Piano;Bass;Violin;Guitar;Bells,Cm,Boss
Twilight-Princess-Dark_Lord_Ganondorf,180.00018000018,Unknown,Trumpet;Trumpet;Voice;Voice;Trumpet;Trumpet;Other;Other;Other;Other;Bells;Trumpet;Voice;Organ;Other;Voice;Trumpet;Trumpet,C,Boss
Two_to_Tango_Pt2,140.00014000014,Unknown,Guitar;Guitar;Guitar;Guitar;Guitar;Guitar;Guitar;Guitar;Guitar;Guitar;Guitar;Guitar;Other;Other;Other;Other;Other;Other;Bass;Bass;Bass;Bass;Bass;Bass;Other;Other;Other;Other;Other;Other;Other;Other;Other;Other;Other;Other;Guitar;Guitar;Guitar;Guitar;Guitar;Guitar;Organ;Organ;Organ;Organ;Organ;Organ,Unknown,Boss
xkyCrash,120.0,4/4,Bells;Bass;Bells;Unknown;Bells;Other,Unknown,Boss
Yoshis Story - Boss Fight,120.0,4/4,Piano;Piano,C,Boss
Ballade-in-G-Nr.1,120.0,4/4,Piano,Unknown,Sad
Beethoven-Moonlight-Sonata,25.0,4/4,Piano;Piano,C,Sad
Bleach - Never Meant to Belong,63.000063000063,4/4,Piano;Piano;Violin,C,Sad
bt_orch_medley,142.12014837343492,4/4,Bells;Voice;Unknown;Voice;Trumpet;Piano;Trumpet;Trumpet;Voice;Reeds;Violin;Unknown;Violin;Bells;Voice;Trumpet;Flute,C,Sad
Castlevania_ Legacy of Darkness - Art Tower (aka Sinking Old Sanctuary),145.00003625000906,7/4,Piano,F#m,Sad
Chrono Trigger - Chrono Trigger Theme,130.00013000013,4/4,Violin,G,Sad
Chrono Trigger - Sad Theme,80.0,4/4,Piano,F,Sad
clearday,Unknown,2/2,Voice;Piano;Piano,G,Sad
Cowboy Bebop - The Real Folk Blues,70.00007000007,4/4,Piano,A,Sad
cvs_05_prayer,78.000078000078,4/4,Voice;Voice,Unknown,Sad
Disgaea,140.00014000014,Unknown,Bells;Bells;Bells;Bells;Bells;Bells;Bells;Bells;Bells;Bells;Bells;Bells,Unknown,Sad
Dragon Ball Kai - Dragon Soul,100.0,4/4,Voice,C,Sad
ECHOES,110.00011000011,Unknown,Voice;Voice;Unknown;Voice;Unknown;Voice;Guitar;Unknown;Voice;Unknown;Piano,Unknown,Sad
Evangelion - Soul Death,132.000132000132,4/4,Voice;Piano;Piano;Piano,C,Sad
Evangelion - Yukino,60.99997255001235,4/4,Piano;Piano;Piano,C,Sad
FFX_-_Ending_Theme_(Piano_Version)_-_by_Angel_FF,63.000063000063,4/4,Piano;Piano,Unknown,Sad
Final Fantasy  - Final Fantasy Simphony,53.000022083342536,4/4,Flute;Voice;Voice;Voice;Voice;Violin;Voice;Violin;Voice;Voice;Voice;Violin;Violin;Violin;Violin;Piano,D,Sad
Final Fantasy - Chaos Temple,131.9531038668857,4/4,Piano;Piano,G,Sad
Final Fantasy VII - FullScale Attack,119.99928000431997,4/4,Piano,Cm,Sad
Final Fantasy XIII - Prelude to Final Fantasy XIII,71.9529715378029,4/4,Piano,Am,Sad
Final Fantasy XIII - The Promise,60.0,4/4,Piano,Unknown,Sad
Fruits Basket - Opening,130.00013000013,4/4,Piano,G,Sad
Full Metal Alchemist_ Brotherhood - The Fullmetal Alchemist,40.00002666668444,4/4,Piano,Bb,Sad
good-ending,80.0,4/4,Piano;Guitar;Piano;Voice,Unknown,Sad
Halo 2 - Unforgotten,86.48424257100356,3/4,Piano,Ab,Sad
Hokages_funeral,40.0,4/4,Piano;Piano;Piano;Piano;Voice;Voice;Voice;Voice;Violin;Violin,Unknown,Sad
ico,146.22982942290398,3/4,Flute;Piano;Bass;Other;Voice;Guitar;Bells;Guitar;Guitar;Guitar;Other;Other;Other;Flute,C,Sad
KH2DearlyBeloved,120.0,4/4,Reeds;Trumpet;Piano;Voice;Voice,C,Sad
Kingdom Hearts - Dearly Beloved,129.96014555536303,2/2,Piano,Eb,Sad
Kingdom Hearts II - Roxas,58.00004253336452,4/4,Piano;Piano,C,Sad
Kingdom Hearts_ Birth By Sleep - Ventuss Theme,109.98035017743497,4/4,Piano,E,Sad
Kingdom Hearts_ Chain of Memories - Namines Theme,64.47986777328448,3/4,Piano,Db,Sad
Mario Party 3 - Preparation for Adventure,99.96051559633945,4/4,Piano,C,Sad
Melody_of_Pandora,120.0,4/4,Other;Other;Voice;Voice,Unknown,Sad
MobileSuitGundamFederationVsZeon-ABaqaQu,136.0001450668214,4/4,Guitar;Unknown;Flute;Unknown;Flute;Voice;Other;Bells;Voice;Guitar;Violin;Piano;Voice;Voice;Other;Voice;Other;Piano;Guitar,F#m,Sad
Naruto - Darkness (Unreleased OST),69.99998833333528,4/4,Other;Other;Other;Other;Other;Other;Other;Other;Piano;Piano;Piano;Piano;Piano;Piano;Piano;Piano;Voice;Voice;Voice;Voice;Voice;Voice;Voice;Voice;Other;Other;Voice;Voice;Voice;Other;Other;Other;Other;Voice;Voice;Voice;Voice;Voice;Voice;Voice;Voice,Unknown,Sad
Naruto Shippuden - Akatsuki Theme,Unknown,4/4,Piano,Eb,Sad
Naruto Shippuden - Decision,Unknown,4/4,Piano,G,Sad
Naruto Shippuden - Declaration of a God(Pains Theme),59.999220010139865,4/4,Piano,G,Sad
Pirates Of The Caribbean - Davy Jones,80.0,Unknown,Unknown,Unknown,Sad
pso,106.00013780017915,6/8,Piano;Other;Piano;Piano;Other;Voice;Other;Other;Other;Other;Violin;Other;Flute;Flute;Flute;Piano;Bells;Piano;Other;Other;Piano,C,Sad
Sailor Moon - Death of Neptune,59.999220010139865,4/4,Piano,Em,Sad
Skyward_Sword_-_Ballad_of_Goddess,138.00019320027047,3/4,Flute;Reeds;Trumpet;Trumpet;Piano;Unknown;Piano;Bells;Bells;Violin;Piano;Voice;Voice;Voice;Voice,Dm,Sad
Super Smash Brothers - Fountain of Dreams - Arranged by Sinbios,160.0,4/4,Trumpet;Reeds;Unknown;Piano;Unknown;Voice;Voice;Flute;Piano;Trumpet;Trumpet;Violin;Violin;Violin,C,Sad
The Legend of Zelda A Link to the Past - Agahnim,190.48768020928247,2/2,Piano,C,Sad
The Legend of Zelda A Link to the Past - Church,59.999220010139865,4/4,Piano;Piano,Cm,Sad
The Legend of Zelda Majoras Mask - Elegy of Emptiness,59.999220010139865,4/4,Piano,C,Sad
The Legend of Zelda Oracle of Ages  Oracle of Seasons - House,79.97984507904008,3/4,Piano,C,Sad
The Witcher 2 - Assassins of Kings,66.00013860029107,6/8,Piano,Bm,Sad
Utena - Aphrodite of Death,57.47974318050747,4/4,Piano,Am,Sad
Utena - Hikarisasu Niwa - Sunlit Garden,96.0,4/4,Piano;Piano;Piano,C,Sad
Utena - Invisible Roses,95.97573733360207,4/4,Piano,Am,Sad
Utena - Pessimism,70.00007000007,4/4,Piano,Unknown,Sad
VioletEvergardenOP,73.00007178340392,Unknown,Guitar;Guitar;Guitar,Unknown,Sad
Your Lie in April - Watashi no Uso (NKD).mid,89.00004005001803,4/4,Piano,Unknown,Sad
Zelda - Legend of Zelda - Bolero of Fire - Arranged by Sinbios,120.0,4/4,Flute,C,Sad
6-30_endingseq,60.0,4/4,Flute;Reeds;Trumpet;Trumpet;Bells;Violin;Voice;Violin;Voice;Voice;Voice;Voice;Voice;Other,F#,Victory
88fenics,128.49506578947367,4/4,Bass;Trumpet;Trumpet;Trumpet;Trumpet;Trumpet;Trumpet;Trumpet;Trumpet;Trumpet;Trumpet;Trumpet;Piano;Voice;Voice;Unknown;Voice;Violin;Piano,F,Victory
BL_ct_timetorestafterthebattle,60.0,4/4,Bells;Voice;Voice;Voice;Piano;Flute;Flute,C,Victory
bonusstagecredits,140.00014000014,Unknown,Flute;Flute;Flute;Flute;Flute;Flute;Unknown;Unknown;Unknown;Unknown;Unknown;Unknown;Bass;Bass;Bass;Bass;Bass;Bass;Flute;Flute;Flute;Flute;Flute;Flute;Other;Other;Other;Other;Other;Other;Flute;Flute;Flute;Flute;Flute;Flute;Bells;Bells;Bells;Bells;Bells;Bells;Organ;Organ;Organ;Organ;Organ;Organ;Bass;Bass;Bass;Bass;Bass;Bass;Piano;Piano;Piano;Piano;Piano;Piano;Voice;Voice;Voice;Voice;Voice;Voice;Other;Other;Other;Other;Other;Other,Unknown,Victory
candy-constellation,132.000132000132,4/4,Bass;Other;Other;Voice;Voice;Voice;Unknown;Bells;Bells;Piano;Piano;Piano;Piano;Piano;Piano;Piano,C,Victory
DDRMario_-_MoonlightDestruction,130.00013000013,Unknown,Other;Other;Piano;Piano;Piano;Reeds;Reeds;Other;Voice;Voice;Unknown;Piano;Guitar;Organ;Other,C,Victory
Demon Slayer - Kimetsu no Yaiba OP - Gurenge Band MIDI Cover.mid,145.00003625000906,4/4,Piano,Unknown,Victory
Festival_Annuel,112.00005973336519,Unknown,Reeds;Other;Other;Bells;Flute;Violin;Reeds;Other;Unknown;Voice,Unknown,Victory
ff8victory,126.000126000126,4/4,Reeds;Reeds;Unknown;Unknown;Voice;Voice;Bells;Bells;Bass;Piano;Piano;Piano;Piano;Piano;Piano;Piano,C,Victory
happy-ending,226.00061773502182,4/4,Bass;Piano;Piano;Bells;Other;Bells;Other,C,Victory
heroes,108.0006912044237,4/4,Bass;Piano;Voice;Trumpet;Guitar;Bells;Bass;Guitar;Guitar;Piano;Reeds;Voice,G,Victory
HikaruNara,160.0,4/4,Piano;Guitar;Guitar;Bass;Piano;Other;Piano;Bells,Unknown,Victory
kitto,115.00002875000719,4/4,Piano;Organ;Flute;Organ;Piano;Other;Other;Reeds;Bass;Other,Unknown,Victory
main-theme,117.99990166674861,4/4,Trumpet;Voice;Other;Voice;Violin;Voice;Unknown;Unknown;Flute;Voice;Other;Reeds,C,Victory
Naruto Shippuden - Blue Bird,150.0,4/4,Unknown,A,Victory
omgMy_heart,132.000132000132,4/4,Bass;Piano;Other;Piano;Bells;Unknown;Other;Unknown;Bells;Unknown;Bells;Piano;Bells;Unknown;Other;Unknown;Bells;Unknown;Violin;Piano;Bells;Unknown;Bells;Other;Trumpet;Unknown;Unknown;Guitar;Guitar;Guitar;Guitar;Guitar;Guitar;Organ;Other;Other;Voice;Voice,C,Victory
One Piece - Believe,158.0003476007647,4/4,Piano;Piano,D,Victory
One Piece - We Are!,100.0,Unknown,Bells,Unknown,Victory
pmrpg_staffroll,94.00012846684224,3/4,Voice;Voice;Voice;Other;Other;Other;Other;Piano;Unknown;Voice;Voice;Other;Other;Other;Violin;Other,D,Victory
Pokemon Mystery Dungeon - Red Rescue Team - Pokemon Square,130.00041166797027,8/4,Piano;Piano;Piano;Piano,G,Victory
Pokemon RubySapphireEmerald - Pokemon Contest,124.9802114665178,4/4,Piano,Eb,Victory
SMGSTAR,120.0,4/4,Violin;Trumpet;Violin;Bass;Violin;Violin;Violin;Voice,C,Victory
SSBB_Metroid_Victory,130.00013000013,4/4,Trumpet;Trumpet;Violin;Voice;Trumpet;Trumpet;Violin;Voice,C,Victory
StaffCredits,50.0,3/4,Flute;Flute;Trumpet;Guitar;Other;Other;Violin;Bells;Guitar;Guitar;Guitar;Reeds;Reeds;Reeds;Violin;Violin;Voice;Voice;Voice;Voice;Piano,Db,Victory
Starbit_Festival,144.00023040036865,4/4,Flute;Bells;Flute;Voice;Voice;Voice;Voice;Voice;Voice;Voice;Voice;Bells;Violin;Flute,C,Victory
Super Smash Bros Brawl - Home Run Contest,220.00022000022,12/8,Piano,C,Victory
sushi_gs,132.8656462585034,4/4,Unknown;Trumpet;Other;Organ;Organ;Other;Organ;Guitar,F,Victory
Sweet Victory,124.000248000496,4/4,Guitar;Other;Piano;Guitar;Bass;Piano,Unknown,Victory
The Legend of Zelda Majoras Mask - Astral Observatory,89.99968500110249,4/4,Piano,F,Victory
wiiThe_Legend_of_Zelda_-_Twilight_Princess_-_Horseback_Victory,80.0,4/4,Trumpet;Trumpet;Voice;Voice;Bells;Trumpet;Unknown;Voice,C,Victory
zelda_opening_monologue,95.00014250021376,3/4,Flute;Reeds;Unknown;Reeds;Trumpet;Bells;Violin;Trumpet;Unknown,C,Victory
ZJ_Simple_and_Clean_Battle,156.000156000156,4/4,Voice;Voice;Trumpet;Trumpet;Flute;Flute;Unknown;Unknown;Reeds;Reeds;Trumpet;Trumpet;Trumpet;Trumpet;Trumpet;Trumpet;Piano;Piano;Voice;Voice,Bb,Victory
(Listri Illuminare) Dragon Age Inquisition - Taven Songs Suite,157.00024858372691,4/4,Piano,G,Exploration
(Nakhuto Saghii) World of Warcraft - Forsaken Tavern_ Gallows End (1),100.0,3/4,Flute;Violin;Flute;Violin,Unknown,Exploration
Age of Empires II The Age of Kings - Menu,129.96014555536303,4/4,Piano,F,Exploration
alien,100.0,4/4,Other;Bass;Bass;Bass;Bass;Bass;Other;Other;Other;Bass;Bass;Bass;Bass;Bass;Organ;Other;Other;Bass;Bass;Bass;Bass;Bass;Other;Other;Other;Bass;Bass;Bass;Bass;Bass;Organ;Other;Other;Bass;Bass;Bass;Bass;Bass;Other;Other;Other;Bass;Bass;Bass;Bass;Bass;Organ;Other;Other;Bass;Bass;Bass;Bass;Bass;Other;Other;Other;Bass;Bass;Bass;Bass;Bass;Organ;Other;Other;Bass;Bass;Bass;Bass;Bass;Other;Other;Other;Bass;Bass;Bass;Bass;Bass;Organ;Other;Other;Bass;Bass;Bass;Bass;Bass;Other;Other;Other;Bass;Bass;Bass;Bass;Bass;Organ;Other;Other;Bass;Bass;Bass;Bass;Bass;Other;Other;Other;Bass;Bass;Bass;Bass;Bass;Organ;Other;Other;Bass;Bass;Bass;Bass;Bass;Other;Other;Other;Bass;Bass;Bass;Bass;Bass;Organ;Other;Other;Bass;Bass;Bass;Bass;Bass;Other;Other;Other;Bass;Bass;Bass;Bass;Bass;Organ;Other;Other;Bass;Bass;Bass;Bass;Bass;Other;Other;Other;Bass;Bass;Bass;Bass;Bass;Organ;Other;Other;Bass;Bass;Bass;Bass;Bass;Other;Other;Other;Bass;Bass;Bass;Bass;Bass;Organ;Other;Other;Bass;Bass;Bass;Bass;Bass;Other;Other;Other;Bass;Bass;Bass;Bass;Bass;Organ;Other;Other;Other;Bass;Bass;Bass;Bass;Bass;Other;Other;Other;Bass;Bass;Bass;Bass;Bass;Organ;Other;Other;Bass;Bass;Bass;Bass;Bass;Other;Other;Other;Bass;Bass;Bass;Bass;Bass;Organ;Other;Other;Bass;Bass;Bass;Bass;Bass;Other;Other;Other;Bass;Bass;Bass;Bass;Bass;Organ;Other;Other;Bass;Bass;Bass;Bass;Bass;Other;Other;Other;Bass;Bass;Bass;Bass;Bass;Organ;Other;Other;Bass;Bass;Bass;Bass;Bass;Other;Other;Other;Bass;Bass;Bass;Bass;Bass;Organ;Other;Other;Bass;Bass;Bass;Bass;Bass;Other;Other;Other;Bass;Bass;Bass;Bass;Bass;Organ;Other;Other;Bass;Bass;Bass;Bass;Bass;Other;Other;Other;Bass;Bass;Bass;Bass;Bass;Organ;Other;Other;Bass;Bass;Bass;Bass;Bass;Other;Other;Other;Bass;Bass;Bass;Bass;Bass;Organ;Other;Other;Bass;Bass;Bass;Bass;Bass;Other;Other;Other;Bass;Bass;Bass;Bass;Bass;Organ;Other;Other;Bass;Bass;Bass;Bass;Bass;Other;Other;Other;Bass;Bass;Bass;Bass;Bass;Organ;Other;Other;Bass;Bass;Bass;Bass;Bass;Other;Other;Other;Bass;Bass;Bass;Bass;Bass;Organ;Other;Other;Bass;Bass;Bass;Bass;Bass;Other;Other;Other;Bass;Bass;Bass;Bass;Bass;Organ;Other;Other;Violin;Piano;Unknown;Unknown;Violin;Violin;Violin;Other;Bass;Bass;Bass;Bass;Bass;Other;Other;Other;Bass;Bass;Bass;Bass;Bass;Organ;Other;Other;Bass;Bass;Bass;Bass;Bass;Other;Other;Other;Bass;Bass;Bass;Bass;Bass;Organ;Other;Other;Bass;Bass;Bass;Bass;Bass;Other;Other;Other;Bass;Bass;Bass;Bass;Bass;Organ;Other;Other;Bass;Bass;Bass;Bass;Bass;Other;Other;Other;Bass;Bass;Bass;Bass;Bass;Organ;Other;Other;Bass;Bass;Bass;Bass;Bass;Other;Other;Other;Bass;Bass;Bass;Bass;Bass;Organ;Other;Other;Bass;Bass;Bass;Bass;Bass;Other;Other;Other;Bass;Bass;Bass;Bass;Bass;Organ;Other;Other;Bass;Bass;Bass;Bass;Bass;Other;Other;Other;Bass;Bass;Bass;Bass;Bass;Organ;Other;Other;Bass;Bass;Bass;Bass;Bass;Other;Other;Other;Bass;Bass;Bass;Bass;Bass;Organ;Other;Other;Bass;Bass;Bass;Bass;Bass;Other;Other;Other;Bass;Bass;Bass;Bass;Bass;Organ;Other;Other;Bass;Bass;Bass;Bass;Bass;Other;Other;Other;Bass;Bass;Bass;Bass;Bass;Organ;Other;Other;Bass;Bass;Bass;Bass;Bass;Other;Other;Other;Bass;Bass;Bass;Bass;Bass;Organ;Other;Other;Bass;Bass;Bass;Bass;Bass;Other;Other;Other;Bass;Bass;Bass;Bass;Bass;Organ;Other;Other;Violin;Violin;Violin;Unknown;Unknown;Piano,C,Exploration
atlantis1,222.000222000222,4/4,Flute;Unknown;Voice;Voice;Violin;Bells;Voice;Bells,C,Exploration
bk64_top_of_tower,91.99998773333498,Unknown,Bells;Other;Voice;Voice;Guitar;Reeds;Bells,Unknown,Exploration
bkmmm,140.00014000014,Unknown,Organ;Voice;Unknown;Voice;Reeds;Bells;Bells;Piano;Flute;Voice;Flute;Guitar;Reeds,Unknown,Exploration
Castlevania Circle of the Moon - Chapel Tower,140.00014000014,3/4,Piano,C,Exploration
Cave Story Doukutsu Monogatari - Access,141.97184698274333,4/4,Piano,C,Exploration
Chrono Trigger - A Premonition  Chrono Trigger,130.00013000013,4/4,Piano,A,Exploration
Chrono Trigger - World Revolution,148.000148000148,4/4,Piano,Ab,Exploration
crash1_greathall,100.0,4/4,Bells,C,Exploration
CV64Prologue,100.0,Unknown,Unknown;Voice;Voice;Other;Piano,C,Exploration
CV64_Main_Theme,100.49998743750157,4/4,Piano;Unknown;Voice;Voice;Trumpet;Voice;Voice;Bells;Bells;Bells,C,Exploration
cvs_18_rainbow_cemetery,126.000126000126,6/8,Piano;Bass;Other;Trumpet;Trumpet;Trumpet;Flute;Flute;Other;Organ;Other;Trumpet;Guitar,Unknown,Exploration
dr-andonuts-lab,68.0000725334107,4/4,Violin;Violin;Guitar;Guitar;Violin;Violin;Guitar;Guitar;Violin;Violin;Guitar;Guitar;Unknown;Unknown;Voice;Voice;Bass;Bass;Unknown;Unknown,Unknown,Exploration
Dragon Ball Z - Piccolos Theme,89.99968500110249,4/4,Piano,F#,Exploration
Final Fantasy I - Underwater Palace,96.0,4/4,Piano;Piano,G,Exploration
Final Fantasy VI - The Decisive Battle Boss Battle,119.99928000431997,4/4,Piano,Am,Exploration
forever-forest,111.000111000111,4/4,Violin;Violin;Voice;Piano;Other;Bells;Bells;Unknown,C,Exploration
Fullmetal Alchemist_ Conqueror of Shamballa - Lost Heaven,130.00013000013,4/4,Unknown,C,Exploration
glitz-pitz,137.99987580011177,Unknown,Other;Bass;Voice;Bells;Bells;Unknown;Bass;Piano;Piano;Bass;Other;Piano,C,Exploration
greenreq,63.82761437908497,4/4,Piano;Piano;Piano;Piano;Piano;Piano;Piano;Piano;Piano,C,Exploration
Gruntildas_Lair_Waltz,87.00002175000543,4/4,Voice;Voice;Violin;Violin;Violin;Violin;Flute;Flute;Violin;Violin;Piano;Reeds,C,Exploration
Hotaru_Futaba-Fullmoon_-_Heartfull,123.99999173333389,Unknown,Flute;Bells;Violin;Piano;Bass;Flute;Voice;Bells;Flute;Piano,C,Exploration
hotline Miami- Dust,100.0,4/4,Other;Bass;Piano;Other,Unknown,Exploration
In The Face Of Evil - Magic Sword (From Hotline Miami 2)WIP,144.00023040036865,4/4,Other;Piano;Bass;Other;Guitar,Unknown,Exploration
invent4,43.00002580001548,3/8,Piano,Dm,Exploration
Kirby 64 The Crystal Shards - Factory Investigation,160.0,4/4,Piano;Piano,C,Exploration
Kirby Super Star - Marx Boss Battle,179.99964000072,3/4,Piano,Eb,Exploration
mabo_gs3,150.0060002400096,4/4,Piano;Bass;Other;Other;Other;Piano;Other,Gm,Exploration
mad-monster-mansion-2-,133.2001332001332,4/4,Organ;Voice;Guitar;Voice;Voice;Reeds;Bells;Bells;Unknown;Flute,Unknown,Exploration
menu_2,95.00014250021376,Unknown,Other;Other;Guitar;Guitar;Other;Other;Unknown;Unknown;Other;Other;Other;Other;Flute;Flute;Voice;Voice;Other;Other,Unknown,Exploration
mission,94.99999208333399,4/4,Flute;Bass;Unknown;Unknown;Other;Other;Other;Voice;Organ;Bass;Trumpet;Guitar;Organ;Other;Other,C,Exploration
Naruto Shippuden - Black Night Town (best version),91.99984666692222,4/4,Piano,C,Exploration
Naruto Shippuden - Cascade,138.9998957500782,4/4,Piano;Piano,Ab,Exploration
panda,132.00971591509136,4/4,Bass;Unknown;Unknown;Unknown;Unknown;Unknown;Other;Other;Other;Organ;Other,B,Exploration
Paper Mario - Mini Boss,134.9992237544634,4/4,Piano,F,Exploration
pc_myst_sm03,120.0,4/4,Reeds;Reeds;Other;Bells;Bells;Violin;Violin;Violin;Violin;Voice;Voice;Bass;Bass;Unknown;Trumpet,Bm,Exploration
Pokemon - Pokemon Johto - Opening,231.99972160033408,4/4,Piano;Piano;Piano;Piano;Piano;Piano;Piano;Piano;Piano;Piano;Piano;Piano;Piano;Piano;Piano;Piano;Piano;Piano,Unknown,Exploration
robocon0,150.0,4/4,Piano;Guitar;Bass;Guitar;Other;Guitar;Voice;Other;Flute;Guitar;Other;Voice;Violin;Voice;Violin;Voice;Violin;Voice;Violin;Voice;Violin;Voice;Violin;Voice,Unknown,Exploration
sailing-part-1-sailing-to-scaraba-,72.99998296667064,Unknown,Bass;Bass;Bass;Bass;Bass;Bass;Bass;Bass;Guitar;Guitar;Guitar;Guitar;Guitar;Guitar;Guitar;Guitar;Organ;Organ;Organ;Organ;Organ;Organ;Organ;Organ;Organ;Organ;Organ;Organ;Organ;Organ;Organ;Organ;Piano;Piano;Piano;Piano;Piano;Piano;Piano;Piano;Piano;Piano;Piano;Piano;Piano;Piano,Unknown,Exploration
shybox,130.00013000013,4/4,Bells;Trumpet;Violin;Other,C,Exploration
Super Mario 64 - Medley,109.95273864783788,4/4,Piano;Piano,C,Exploration
The Legend of Zelda - Lost Woods Duet,131.0590224307517,4/4,Piano;Piano,C,Exploration
The Legend of Zelda A Link Between Worlds - Swamp Palace,71.9529715378029,4/4,Piano,Am,Exploration
The Legend of Zelda A Link to the Past - Being a Bunny,159.96075629445576,4/4,Piano,C,Exploration
The Legend of Zelda Oracle of Ages  Oracle of Seasons - Ancient Ruins,126.000126000126,4/4,Piano;Piano,A,Exploration
The Witcher 3 - Ladies of the Woods,63.000129150264755,6/8,Piano,Gm,Exploration
title-screen-tech-piano-remix-,Unknown,4/4,Piano;Other;Trumpet;Piano;Piano,Unknown,Exploration
underneath-the-rotting-pizza,160.0,4/4,Bass;Piano;Unknown;Piano;Unknown;Piano;Voice;Guitar;Guitar,Gb,Exploration
Utena - Beradonnas Trap,106.00013780017915,4/4,Piano,Eb,Exploration
Utena - Eternal Secret,99.96051559633945,6/8,Piano,Am,Exploration
wandering-ghosts,104.99992125005906,4/4,Guitar;Other;Guitar;Other;Guitar;Other;Guitar;Bass;Guitar;Other;Guitar;Other;Guitar;Guitar;Guitar;Other;Guitar;Other;Guitar;Other;Guitar;Flute;Trumpet;Flute;Other;Piano;Voice;Voice;Voice;Voice;Voice;Voice;Trumpet;Trumpet;Trumpet;Trumpet;Trumpet;Trumpet;Trumpet;Trumpet;Trumpet;Trumpet;Trumpet;Trumpet;Trumpet;Trumpet;Trumpet;Trumpet;Trumpet;Trumpet;Trumpet;Trumpet;Trumpet;Trumpet;Trumpet;Trumpet;Trumpet;Trumpet;Trumpet;Flute;Flute;Trumpet;Other;Guitar;Bass;Other;Voice;Other;Other;Piano,G,Exploration
ystowerclimbint,100.0,2/4,Unknown;Bells;Bells;Reeds,C,Exploration
zCavern_of_Remembrance,96.0,4/4,Piano;Piano;Piano;Violin;Voice;Voice;Voice;Voice;Voice;Other;Piano,C,Exploration
Zelda - Legend of Zelda - Dungeon Music,104.00001386666851,3/4,Piano,Bb,Exploration(Listri Illuminare) Dragon Age Inquisition - Taven Songs Suite,157.00024858372691,4/4,Piano,G,Exploration